lambda	V
376.6	1.15867
408.2	1.11116
455.3	0.78753
466.2	0.77713
520.9	0.56912
590.7	0.19066
611.3	0.25202
648.8	0.18637
567.9	0.27071
512.7	0.64405

